{
  "feature_names": [
    "log_wallet_age",
    "log_total_tx",
    "log_erc20_tx",
    "log_unique_tokens",
    "log_counterparties",
    "consistency",
    "stablecoin_ratio",
    "dormant_pre_window",
    "log_prior_borrows",
    "borrows_per_month",
    "log_days_since_borrow",
    "never_borrowed_before",
    "recent_borrow_burst"
  ],
  "scaler_mean": [
    5.087629210476126,
    3.550683096000888,
    2.97347781803055,
    2.074361602910172,
    2.239283559708401,
    0.1699022857142852,
    0.35542419047619017,
    0.0,
    0.6802818067345778,
    1.1049352380952382,
    0.9679423111184344,
    0.5961904761904762,
    2.08
  ],
  "scaler_scale": [
    2.4724899247625083,
    0.9803052322020386,
    1.0246171488129128,
    0.6183073254591039,
    0.6974982746227466,
    0.17298301406982275,
    0.22279846166341166,
    1.0,
    1.0187390764297115,
    2.7733245154844113,
    1.5546736831895824,
    0.49066015967291265,
    6.608888675398438
  ],
  "coefficients": [
    0.037172034784908416,
    -0.2609889389957814,
    0.805225366235027,
    -0.03892631291346732,
    -0.8955314347599471,
    0.2839347096646998,
    0.10511752538364444,
    0.0,
    1.1302130759662539,
    0.0942011551698581,
    1.460748741502156,
    2.422759683010387,
    -0.16654796524657212
  ],
  "intercept": -0.12074887346415071,
  "tier_cutoffs": {
    "low_max_p": 0.4560482890395505,
    "high_min_p": 0.6164732937481762
  },
  "cv_auc_mean": 0.7203918722786646,
  "cv_auc_std": 0.057008249327288534,
  "n_rows": 525,
  "includes_protocol_features": true
}